/*
SQLyog Ultimate v12.4.1 (64 bit)
MySQL - 10.1.28-MariaDB : Database - isidore
*********************************************************************
*/

/*!40101 SET NAMES utf8 */;

/*!40101 SET SQL_MODE=''*/;

/*!40014 SET @OLD_UNIQUE_CHECKS=@@UNIQUE_CHECKS, UNIQUE_CHECKS=0 */;
/*!40014 SET @OLD_FOREIGN_KEY_CHECKS=@@FOREIGN_KEY_CHECKS, FOREIGN_KEY_CHECKS=0 */;
/*!40101 SET @OLD_SQL_MODE=@@SQL_MODE, SQL_MODE='NO_AUTO_VALUE_ON_ZERO' */;
/*!40111 SET @OLD_SQL_NOTES=@@SQL_NOTES, SQL_NOTES=0 */;
CREATE DATABASE /*!32312 IF NOT EXISTS*/`isidore` /*!40100 DEFAULT CHARACTER SET latin1 */;

USE `isidore`;

/*Table structure for table `assessment` */

DROP TABLE IF EXISTS `assessment`;

CREATE TABLE `assessment` (
  `as_id` int(10) NOT NULL AUTO_INCREMENT,
  `stud_id` int(10) DEFAULT NULL,
  `stud_type` enum('New Student','Old Student') DEFAULT NULL,
  `lvl_id` int(10) DEFAULT NULL,
  `sy_id` int(10) DEFAULT NULL,
  `as_mode` enum('Cash','Semestral','Quarterly','Monthly') DEFAULT NULL,
  `as_sib_discount` enum('Y','N') DEFAULT NULL,
  `as_is_reserve` enum('Y','N') DEFAULT NULL,
  `as_amount` float DEFAULT NULL,
  `as_book_notebook` float DEFAULT NULL,
  `as_uniform` float DEFAULT NULL,
  `as_others` float DEFAULT NULL,
  `as_total` float DEFAULT NULL,
  `as_stat` enum('DONE','PENDING') DEFAULT NULL,
  `as_date` datetime DEFAULT NULL,
  PRIMARY KEY (`as_id`)
) ENGINE=InnoDB AUTO_INCREMENT=16 DEFAULT CHARSET=latin1;

/*Data for the table `assessment` */

insert  into `assessment`(`as_id`,`stud_id`,`stud_type`,`lvl_id`,`sy_id`,`as_mode`,`as_sib_discount`,`as_is_reserve`,`as_amount`,`as_book_notebook`,`as_uniform`,`as_others`,`as_total`,`as_stat`,`as_date`) values 
(5,14,'New Student',14,1,'Semestral','N','',20470,0,0,0,20470,'DONE','2018-04-17 16:14:10'),
(6,15,'New Student',14,1,'Cash','N','',34930,0,0,0,34930,'DONE','2018-04-17 16:13:46'),
(7,16,'New Student',20,1,'Quarterly','N','',14540,0,0,0,14540,'DONE','2018-04-17 15:25:38'),
(8,17,'Old Student',20,1,'Quarterly',NULL,NULL,NULL,NULL,NULL,NULL,NULL,'PENDING',NULL),
(9,18,'Old Student',21,1,'Semestral','N','',21400,0,0,0,21400,'DONE','2018-04-17 15:27:52'),
(10,19,'Old Student',21,1,'Semestral','N','Y',21400,5000,2000,0,27400,'DONE','2018-04-17 15:26:37'),
(11,20,'Old Student',16,1,'Quarterly','N','',14060,0,0,0,NULL,'PENDING',NULL),
(12,21,'Old Student',21,1,'Semestral','N','',21400,0,0,0,NULL,'PENDING',NULL),
(13,22,'New Student',15,1,'Semestral',NULL,NULL,NULL,NULL,NULL,NULL,NULL,'PENDING',NULL),
(14,23,'New Student',19,1,'Semestral',NULL,NULL,NULL,NULL,NULL,NULL,NULL,'PENDING',NULL);

/*Table structure for table `department` */

DROP TABLE IF EXISTS `department`;

CREATE TABLE `department` (
  `dept_id` int(10) NOT NULL AUTO_INCREMENT,
  `dept_name` varchar(100) DEFAULT NULL,
  PRIMARY KEY (`dept_id`)
) ENGINE=InnoDB AUTO_INCREMENT=4 DEFAULT CHARSET=latin1;

/*Data for the table `department` */

insert  into `department`(`dept_id`,`dept_name`) values 
(1,'Pre-School'),
(2,'Primary'),
(3,'Intermediate');

/*Table structure for table `fee_sched` */

DROP TABLE IF EXISTS `fee_sched`;

CREATE TABLE `fee_sched` (
  `fee_id` int(10) NOT NULL AUTO_INCREMENT,
  `dept_id` int(10) DEFAULT NULL,
  `fee_type` enum('Cash','Semestral','Quarterly','Monthly') DEFAULT NULL,
  `fee_amnt_to_pay` float DEFAULT NULL,
  `fee_july` float DEFAULT NULL,
  `fee_aug` float DEFAULT NULL,
  `fee_sept` float DEFAULT NULL,
  `fee_oct` float DEFAULT NULL,
  `fee_nov` float DEFAULT NULL,
  `fee_dec` float DEFAULT NULL,
  `fee_jan` float DEFAULT NULL,
  `fee_feb` float DEFAULT NULL,
  `fee_discount` enum('Y','N') DEFAULT NULL,
  PRIMARY KEY (`fee_id`)
) ENGINE=InnoDB AUTO_INCREMENT=27 DEFAULT CHARSET=latin1;

/*Data for the table `fee_sched` */

insert  into `fee_sched`(`fee_id`,`dept_id`,`fee_type`,`fee_amnt_to_pay`,`fee_july`,`fee_aug`,`fee_sept`,`fee_oct`,`fee_nov`,`fee_dec`,`fee_jan`,`fee_feb`,`fee_discount`) values 
(1,1,'Cash',36400,0,0,0,0,0,0,0,0,'N'),
(2,1,'Semestral',22630,0,0,0,14930,0,0,0,0,'N'),
(3,1,'Quarterly',15310,0,7610,0,7610,0,0,7610,0,'N'),
(4,1,'Monthly',11150,3450,3450,3450,3450,3450,3450,3450,3450,'N'),
(5,2,'Cash',34930,0,0,0,0,0,0,0,0,'N'),
(6,2,'Semestral',20470,0,0,0,15470,0,0,0,0,'N'),
(7,2,'Quarterly',14060,0,7460,0,7460,0,0,7460,0,'N'),
(8,2,'Monthly',10420,3320,3320,3320,3320,3320,3320,3320,3320,'N'),
(9,3,'Cash',36720,0,0,0,0,0,0,0,0,'N'),
(10,3,'Semestral',21400,0,0,0,16400,0,0,0,0,'N'),
(11,3,'Quarterly',14540,0,7940,0,7940,0,0,7940,0,'N'),
(12,3,'Monthly',10630,3530,3530,3530,3530,3530,3530,3530,3530,'N'),
(13,1,'Cash',33530,0,0,0,0,0,0,0,0,'Y'),
(15,1,'Semestral',21137,0,0,0,13437,0,0,0,0,'Y'),
(16,1,'Quarterly',14549,0,6849,0,6849,0,0,6849,0,'Y'),
(17,1,'Monthly',10805,3105,3105,3105,3105,3105,3105,3105,3105,'Y'),
(19,2,'Cash',32417,0,0,0,0,0,0,0,0,'Y'),
(20,2,'Semestral',19163,0,0,0,14163,0,0,0,0,'Y'),
(21,2,'Quarterly',13394,0,6794,0,6794,0,0,6794,0,'Y'),
(22,2,'Monthly',10118,3018,3018,3018,3018,3018,3018,3018,3018,'Y'),
(23,3,'Cash',34028,0,0,0,0,0,0,0,0,'Y'),
(24,3,'Semestral',20000,0,0,0,15000,0,0,0,0,'Y'),
(25,3,'Quarterly',13826,0,7226,0,7226,0,0,7226,0,'Y'),
(26,3,'Monthly',10307,3207,3207,3207,3207,3207,3207,3207,3207,'Y');

/*Table structure for table `grade_level` */

DROP TABLE IF EXISTS `grade_level`;

CREATE TABLE `grade_level` (
  `lvl_id` int(10) NOT NULL AUTO_INCREMENT,
  `dept_id` int(10) DEFAULT NULL,
  `lvl_name` varchar(100) DEFAULT NULL,
  PRIMARY KEY (`lvl_id`)
) ENGINE=InnoDB AUTO_INCREMENT=22 DEFAULT CHARSET=latin1;

/*Data for the table `grade_level` */

insert  into `grade_level`(`lvl_id`,`dept_id`,`lvl_name`) values 
(1,1,'Nursery'),
(12,1,'Kinder 1'),
(13,1,'Kinder 2'),
(14,2,'Grade 1'),
(15,2,'Grade 2'),
(16,2,'Grade 3'),
(19,3,'Grade 4'),
(20,3,'Grade 5'),
(21,3,'Grade 6');

/*Table structure for table `school_year` */

DROP TABLE IF EXISTS `school_year`;

CREATE TABLE `school_year` (
  `sy_id` int(10) NOT NULL AUTO_INCREMENT,
  `sy_name` varchar(50) DEFAULT NULL,
  `sy_is_active` enum('Y','N') DEFAULT NULL,
  PRIMARY KEY (`sy_id`)
) ENGINE=InnoDB AUTO_INCREMENT=2 DEFAULT CHARSET=latin1;

/*Data for the table `school_year` */

insert  into `school_year`(`sy_id`,`sy_name`,`sy_is_active`) values 
(1,'2018-2019','Y');

/*Table structure for table `sibling` */

DROP TABLE IF EXISTS `sibling`;

CREATE TABLE `sibling` (
  `sib_id` int(10) NOT NULL AUTO_INCREMENT,
  `stud_id` int(10) DEFAULT NULL,
  `sib_name` varchar(200) DEFAULT NULL,
  `sib_gender` enum('Male','Female') DEFAULT NULL,
  `sib_age` int(10) DEFAULT NULL,
  `sib_level` varchar(100) DEFAULT NULL,
  `sib_school` text,
  PRIMARY KEY (`sib_id`)
) ENGINE=InnoDB AUTO_INCREMENT=27 DEFAULT CHARSET=latin1;

/*Data for the table `sibling` */

insert  into `sibling`(`sib_id`,`stud_id`,`sib_name`,`sib_gender`,`sib_age`,`sib_level`,`sib_school`) values 
(13,8,'dsdasd',NULL,NULL,'asadas','dsada'),
(14,8,'sadasdasda',NULL,NULL,'sdasdasd','sdas'),
(15,8,'dasadasdasd',NULL,NULL,'asda asfda ','das'),
(16,9,'MELANIE E. CARASIG',NULL,NULL,'GA','BSU'),
(17,9,'DIANNA M. ENRIQUEZ',NULL,NULL,'GA','BSU'),
(18,10,'Melanie E. Carasig','Female',23,'Grade 4','San Roque Elemenetary School'),
(19,10,'Dianna M. Enriquez','Female',21,'Grade 3','San Roque Elementary School'),
(20,10,'Justine M. Enriquez','Male',17,'Grade 2','San Roque Elementary School'),
(23,14,'MELANIE E. CARASIG',NULL,16,'G1','N/A'),
(24,15,'MELANIE E. CARASIG',NULL,16,'Grade 4','San Roque Elemenetary School'),
(25,22,'a',NULL,12,'12','sad'),
(26,23,'as',NULL,2,'adsa','sdasda');

/*Table structure for table `student` */

DROP TABLE IF EXISTS `student`;

CREATE TABLE `student` (
  `stud_id` int(10) unsigned NOT NULL AUTO_INCREMENT,
  `stud_queue` varchar(20) DEFAULT NULL,
  `stud_type` enum('New Student','Old Student') DEFAULT NULL,
  `stud_lrn` varchar(15) DEFAULT NULL,
  `stud_lastname` varchar(50) DEFAULT NULL,
  `stud_firstname` varchar(50) DEFAULT NULL,
  `stud_middlename` varchar(50) DEFAULT NULL,
  `stud_suffix` varchar(20) DEFAULT NULL,
  `stud_nickname` varchar(50) DEFAULT NULL,
  `stud_birthdate` date DEFAULT NULL,
  `stud_gender` enum('Male') DEFAULT NULL,
  `stud_address` text,
  `stud_handedness` enum('Right-Handed','Left-Handed') DEFAULT NULL,
  `stud_religion` varchar(100) DEFAULT NULL,
  `stud_father_name` varchar(150) DEFAULT NULL,
  `stud_father_occupation` varchar(150) DEFAULT NULL,
  `stud_father_education` varchar(300) DEFAULT NULL,
  `stud_father_address` text,
  `stud_father_contact` varchar(100) DEFAULT NULL,
  `stud_father_email` varchar(100) DEFAULT NULL,
  `stud_mother_name` varchar(150) DEFAULT NULL,
  `stud_mother_occupation` varchar(150) DEFAULT NULL,
  `stud_mother_education` varchar(300) DEFAULT NULL,
  `stud_mother_address` text,
  `stud_mother_contact` varchar(100) DEFAULT NULL,
  `stud_mother_email` varchar(100) DEFAULT NULL,
  `stud_emergency_name` varchar(150) DEFAULT NULL,
  `stud_emergency_contact` varchar(150) DEFAULT NULL,
  `stud_relationship` varchar(100) DEFAULT NULL,
  `stud_guardian_name` varchar(100) DEFAULT NULL,
  `stud_guardian_contact` varchar(100) DEFAULT NULL,
  `stud_prev_schl_name` varchar(500) DEFAULT NULL,
  `stud_prev_level` varchar(100) DEFAULT NULL,
  `stud_prev_date` varchar(500) DEFAULT NULL,
  `stud_reg_date` date DEFAULT NULL,
  PRIMARY KEY (`stud_id`)
) ENGINE=InnoDB AUTO_INCREMENT=24 DEFAULT CHARSET=latin1;

/*Data for the table `student` */

insert  into `student`(`stud_id`,`stud_queue`,`stud_type`,`stud_lrn`,`stud_lastname`,`stud_firstname`,`stud_middlename`,`stud_suffix`,`stud_nickname`,`stud_birthdate`,`stud_gender`,`stud_address`,`stud_handedness`,`stud_religion`,`stud_father_name`,`stud_father_occupation`,`stud_father_education`,`stud_father_address`,`stud_father_contact`,`stud_father_email`,`stud_mother_name`,`stud_mother_occupation`,`stud_mother_education`,`stud_mother_address`,`stud_mother_contact`,`stud_mother_email`,`stud_emergency_name`,`stud_emergency_contact`,`stud_relationship`,`stud_guardian_name`,`stud_guardian_contact`,`stud_prev_schl_name`,`stud_prev_level`,`stud_prev_date`,`stud_reg_date`) values 
(1,NULL,'New Student','dasda','sdasd','adsa','dasd','',NULL,'0000-00-00','Male','sdasdasd324','','dasd','dsad','asda',NULL,'sdadas','sdadas','','asdas','dasdas',NULL,'adsada','2323','','dsadasd','3211231231','Mother','adsad','2432423',NULL,NULL,NULL,NULL),
(2,NULL,'New Student','418506150016','BERNARDO','MIKHAILLE ENZO','MANALO','',NULL,'0000-00-00','Male','25 TIERRA DAYAO SUBD STA CRUZ, GUIGUINTO, BULACAN ','','CATHOLIC','MICHAEL BERNARDO','ARCHITECT',NULL,'SANDOVAL BLVD PASIG CITY','SANDOVAL BLVD PASIG CITY','','PRINCESS BERNARDO','ADMIN ASST',NULL,'STA CRUZ GUIGUINTO BULACAN','09228149213','','PRINCESS M BERNARDO','09228149213','Mother','MICHAEL BERNARDO','09338669661',NULL,NULL,NULL,NULL),
(8,NULL,'New Student','531631452641','Enriquez','ranjay','m','',NULL,'1991-10-16','Male','dkjahsdjahk','','CATHOLIC','dhsadhkja','hjhsahd',NULL,'jhjjhj','jhjjhj','email@m.com','djsahdjah','hjhdkjsahdj',NULL,'hkjhkj','6876756','','dsaads','12321322','Mother','dsadsa','3212312312',NULL,NULL,NULL,NULL),
(9,NULL,'Old Student','154545454555','ENRIQUEZ','RANJAY','MATURINGAN','',NULL,'1991-10-16','Male','PAOMBONG, BULACAN','Right-Handed','CATHOLIC','HERMINIO T. ENRIQUEZ','N/A','N/A','PAOMBONG, BULACAN','097555555484','','SIMEONA M. ENRIQUEZ','N/A','N/A','PAOMBONG, BULACAN','1231231231212','','SIMEONA M. ENRIQUEZ','SIMEONA M. ENRIQUEZ','Mother','SIMEONA M. ENRIQUEZ','13245456456','BULACAN STATE UNIVERSITY','COLLEGE','2012',NULL),
(10,'N18412-0010','Old Student','418545454545','Enriquez','Ranjay','Maturingan','Jr','Jay','1991-10-16','Male','Sitio Lantad, Binacod, Paombong, Bulacan','Right-Handed','Catholic','Herminio T. Enriquez','Fisherman','High School','Sitio Lantad, Binacod, Paombong, Bulacan','097555555484','','Simeona M. Enriquez','Housewife','Elementary','Sitio Lantad, Binacod, Paombong, Bulacan','09151554545454','','Simeona M. Enriquez','09457877878784','Mother','Simeona M. Enriqez','09755555555','San Roque Elementary School','Grade 5','2017',NULL),
(11,'N18416-0011','New Student','42','Bartolome','Nyah Julianna Laiel','Sta. Ana','','Laiel','2003-06-20','','130 Inang Wika St., Caniogan, Malolos, Bulacan','Left-Handed','Atis','Jose Ronello T. Bartolome','IT Specialist','IDK','IDK','42','IDK@gmail.com','Ann Marie S. Bartolome','School Admin','IDK','IDK','42','IDK@yahoo.com','Ann Bartolome','42','Mother','Ann Marie S. Bartolome','42','HSAM','Grade 3','2017-2018',NULL),
(14,'N18416-0014','New Student','152454545454','ENRIQUEZ','RANJAY','MATURINGAN','','Jay','1991-10-16','Male','Paombong, Bulacan','Right-Handed','CATHOLIC','HERMINIO T. ENRIQUEZ','Fisherman','High School','Paombong, Bulacan','097588888888','','SIMEONA M. ENRIQUEZ','Housewife','Elementary','Paombong, Bulacan','09151554545454','','SIMEONA M. ENRIQUEZ','09457877878784','Mother','Simeona M. Enriqez','09755555555','','','',NULL),
(15,'N18416-0015','New Student','154545454556','ENRIQUEZ','RANJAY','MATURINGAN','','Jay','1991-10-16','Male','Paombong, Bulacan','Right-Handed','Catholic','Herminio T. Enriquez','N/A','High School','Paombong','1321321','','Simeona M. Enriquez','N/A','Elementary','Paombong','09151554545454','','Simeona M. Enriquez','09457877878784','Mother','Simeona M. Enriqez','09755555555','BULACAN STATE UNIVERSITY','COLLEGE','2012',NULL),
(16,'N18416-0016','New Student','152456456456','Bartolome','Nyah Julianna Laiel','Sta. Ana','','Laiel','2003-06-20','','Malolos','Right-Handed','Atis','Jose Ronello T. Bartolome','IT Specialist','IDK','Malolos','123123123','','Ann Marie S. Bartolome','School Admin','IDK','Malolos','132123123123','','Ann Bartolome','42','Mother','Ann Marie S. Bartolome','42','HSAM','Grade 3','2017-2018',NULL),
(17,'N18416-0017','New Student','152456456454','Bartolome','Nyah Julianna Laiel','Sta. Ana','','Laiel','2003-06-20','','Malolos','Right-Handed','Atis','Jose Ronello T. Bartolome','IT Specialist','IDK','Malolos','42','','Ann Marie S. Bartolome','School Admin','IDK','Malolos','42','','Ann Bartolome','42','Mother','Ann Marie S. Bartolome','42','HSAM','Grade 3','2017-2018',NULL),
(18,'N18417-0018','Old Student','121212121212','a','a','a','','a','1970-01-01','Male','aa','Right-Handed','a','a','a','aa','a','1','','a','a','a','a','1','','a','12','Mother','a','1','a','a','a','2018-04-17'),
(19,'N18417-0019','Old Student','121212121216','a','a','a','','a','1970-01-01','Male','aa','Right-Handed','a','a','a','aa','a','1','','a','a','a','a','1','','a','12','Mother','a','1','a','a','a','2018-04-17'),
(20,'N18417-0020','Old Student','121212121215','a','a','a','','a','1970-01-01','Male','aa','Right-Handed','a','a','a','aa','a','1','','a','a','a','a','1','','a','12','Mother','a','1','a','a','a','2018-04-17'),
(21,'N18417-0021','Old Student','121212121214','a','a','a','','a','1970-01-01','Male','aa','Right-Handed','a','a','a','aa','a','1','','a','a','a','a','1','','a','12','Mother','a','1','a','a','a','2018-04-17'),
(22,'N18417-0022','Old Student','213213242342','aa','aa','a','','a','1991-12-15','Male','adsada','Right-Handed','a','a','a','a','a','121','','a','a','a','a','1212','','a','1212','Mother','a','12121','a','a','a','2018-04-17'),
(23,'N18417-0023','Old Student','415212121','ghjg','hj','hghj','h','sdaas','1970-01-01','Male','asdasd','','dsadas','dasd','dasd','asd','asdas','42','','dasd','sdasda','dsad','dasda','42','','sadasd','324234234','Mother','sada','121212','dasdas','dasd','sdasda','2018-04-17');

/*Table structure for table `users` */

DROP TABLE IF EXISTS `users`;

CREATE TABLE `users` (
  `usr_id` int(11) NOT NULL AUTO_INCREMENT,
  `usr_name` varchar(50) DEFAULT NULL,
  `usr_password` varchar(50) DEFAULT NULL,
  `usr_is_admin` enum('A','G','C') DEFAULT NULL,
  `usr_firstname` varchar(50) DEFAULT NULL,
  `usr_lastname` varchar(50) DEFAULT NULL,
  PRIMARY KEY (`usr_id`)
) ENGINE=InnoDB AUTO_INCREMENT=7 DEFAULT CHARSET=latin1;

/*Data for the table `users` */

insert  into `users`(`usr_id`,`usr_name`,`usr_password`,`usr_is_admin`,`usr_firstname`,`usr_lastname`) values 
(6,'admin@mail.com','123456','A','Ranjay','Enriquez');

/*Table structure for table `v_fee_schedule` */

DROP TABLE IF EXISTS `v_fee_schedule`;

/*!50001 DROP VIEW IF EXISTS `v_fee_schedule` */;
/*!50001 DROP TABLE IF EXISTS `v_fee_schedule` */;

/*!50001 CREATE TABLE  `v_fee_schedule`(
 `fee_id` int(10) ,
 `dept_id` int(10) ,
 `fee_type` enum('Cash','Semestral','Quarterly','Monthly') ,
 `fee_amnt_to_pay` float ,
 `fee_july` float ,
 `fee_aug` float ,
 `fee_sept` float ,
 `fee_oct` float ,
 `fee_nov` float ,
 `fee_dec` float ,
 `fee_jan` float ,
 `fee_feb` float ,
 `fee_discount` enum('Y','N') ,
 `lvl_id` int(10) ,
 `lvl_name` varchar(100) 
)*/;

/*Table structure for table `v_student_assessment` */

DROP TABLE IF EXISTS `v_student_assessment`;

/*!50001 DROP VIEW IF EXISTS `v_student_assessment` */;
/*!50001 DROP TABLE IF EXISTS `v_student_assessment` */;

/*!50001 CREATE TABLE  `v_student_assessment`(
 `as_id` int(10) ,
 `stud_id` int(10) ,
 `stud_type` enum('New Student','Old Student') ,
 `lvl_id` int(10) ,
 `sy_id` int(10) ,
 `as_mode` enum('Cash','Semestral','Quarterly','Monthly') ,
 `as_sib_discount` enum('Y','N') ,
 `as_is_reserve` enum('Y','N') ,
 `as_amount` float ,
 `as_book_notebook` float ,
 `as_uniform` float ,
 `as_others` float ,
 `as_total` float ,
 `as_stat` enum('DONE','PENDING') ,
 `as_date` datetime ,
 `fullname` varchar(174) ,
 `stud_lrn` varchar(15) ,
 `stud_address` text ,
 `lvl_name` varchar(100) ,
 `sy_name` varchar(50) 
)*/;

/*View structure for view v_fee_schedule */

/*!50001 DROP TABLE IF EXISTS `v_fee_schedule` */;
/*!50001 DROP VIEW IF EXISTS `v_fee_schedule` */;

/*!50001 CREATE ALGORITHM=UNDEFINED DEFINER=`root`@`localhost` SQL SECURITY DEFINER VIEW `v_fee_schedule` AS (select `f`.`fee_id` AS `fee_id`,`f`.`dept_id` AS `dept_id`,`f`.`fee_type` AS `fee_type`,`f`.`fee_amnt_to_pay` AS `fee_amnt_to_pay`,`f`.`fee_july` AS `fee_july`,`f`.`fee_aug` AS `fee_aug`,`f`.`fee_sept` AS `fee_sept`,`f`.`fee_oct` AS `fee_oct`,`f`.`fee_nov` AS `fee_nov`,`f`.`fee_dec` AS `fee_dec`,`f`.`fee_jan` AS `fee_jan`,`f`.`fee_feb` AS `fee_feb`,`f`.`fee_discount` AS `fee_discount`,`gl`.`lvl_id` AS `lvl_id`,`gl`.`lvl_name` AS `lvl_name` from (`fee_sched` `f` join `grade_level` `gl`) where (`f`.`dept_id` = `gl`.`dept_id`)) */;

/*View structure for view v_student_assessment */

/*!50001 DROP TABLE IF EXISTS `v_student_assessment` */;
/*!50001 DROP VIEW IF EXISTS `v_student_assessment` */;

/*!50001 CREATE ALGORITHM=UNDEFINED DEFINER=`root`@`localhost` SQL SECURITY DEFINER VIEW `v_student_assessment` AS (select `ass`.`as_id` AS `as_id`,`ass`.`stud_id` AS `stud_id`,`ass`.`stud_type` AS `stud_type`,`ass`.`lvl_id` AS `lvl_id`,`ass`.`sy_id` AS `sy_id`,`ass`.`as_mode` AS `as_mode`,`ass`.`as_sib_discount` AS `as_sib_discount`,`ass`.`as_is_reserve` AS `as_is_reserve`,`ass`.`as_amount` AS `as_amount`,`ass`.`as_book_notebook` AS `as_book_notebook`,`ass`.`as_uniform` AS `as_uniform`,`ass`.`as_others` AS `as_others`,`ass`.`as_total` AS `as_total`,`ass`.`as_stat` AS `as_stat`,`ass`.`as_date` AS `as_date`,concat(`st`.`stud_lastname`,', ',`st`.`stud_firstname`,' ',`st`.`stud_middlename`,' ',`st`.`stud_suffix`) AS `fullname`,`st`.`stud_lrn` AS `stud_lrn`,`st`.`stud_address` AS `stud_address`,`lvl`.`lvl_name` AS `lvl_name`,`sy`.`sy_name` AS `sy_name` from (((`student` `st` join `grade_level` `lvl`) join `assessment` `ass`) join `school_year` `sy`) where ((`ass`.`stud_id` = `st`.`stud_id`) and (`ass`.`lvl_id` = `lvl`.`lvl_id`) and (`ass`.`sy_id` = `sy`.`sy_id`))) */;

/*!40101 SET SQL_MODE=@OLD_SQL_MODE */;
/*!40014 SET FOREIGN_KEY_CHECKS=@OLD_FOREIGN_KEY_CHECKS */;
/*!40014 SET UNIQUE_CHECKS=@OLD_UNIQUE_CHECKS */;
/*!40111 SET SQL_NOTES=@OLD_SQL_NOTES */;
